frame_num,FrameCnt,rel_alt,latitude,longitude,heading_deg,center_lat,center_lon,filename
670,671,114.6,32.102631,35.209722,45.0,32.10335894473409,35.210581339943595,frame_00670.jpg
680,681,115.2,32.102632,35.209723,45.0,32.10336375596306,35.21058683911506,frame_00680.jpg
690,691,115.5,32.102632,35.209723,45.0,32.10336566157755,35.21058908869608,frame_00690.jpg
700,701,115.9,32.102633,35.209723,45.0,32.10336920239686,35.210592088146974,frame_00700.jpg
710,711,116.3,32.102633,35.209724,90.0,32.102633,35.21095731809507,frame_00710.jpg
720,721,116.8,32.102633,35.209724,90.0,32.102633,35.21096262040846,frame_00720.jpg
730,731,117.3,32.102634,35.209725,90.0,32.102634,35.21096892273547,frame_00730.jpg
740,741,117.7,32.102634,35.209725,90.0,32.102634,35.21097316458623,frame_00740.jpg
750,751,117.8,32.102634,35.209726,90.0,32.102634,35.21097522504893,frame_00750.jpg
760,761,117.8,32.102634,35.209726,90.0,32.102634,35.21097522504893,frame_00760.jpg
770,771,117.8,32.102635,35.209727,90.0,32.102635,35.2109762250626,frame_00770.jpg
780,781,117.8,32.102635,35.209727,90.0,32.102635,35.2109762250626,frame_00780.jpg
790,791,118.0,32.102635,35.209728,90.0,32.102635,35.210979345988,frame_00790.jpg
800,801,118.3,32.102635,35.209728,90.0,32.102635,35.2109825273761,frame_00800.jpg
810,811,118.3,32.102635,35.209728,90.0,32.102635,35.2109825273761,frame_00810.jpg
820,821,118.3,32.102635,35.209729,90.0,32.102635,35.21098352737611,frame_00820.jpg
830,831,118.6,32.102635,35.209729,90.0,32.102635,35.21098670876422,frame_00830.jpg
840,841,118.9,32.102635,35.209729,90.0,32.102635,35.21098989015232,frame_00840.jpg
850,851,118.9,32.102635,35.20973,90.0,32.102635,35.21099089015232,frame_00850.jpg
860,861,119.0,32.102635,35.20973,90.0,32.102635,35.21099195061502,frame_00860.jpg
870,871,119.3,32.102635,35.209731,90.0,32.102635,35.210996132003125,frame_00870.jpg
880,881,119.4,32.102635,35.209731,90.0,32.102635,35.210997192465825,frame_00880.jpg
890,891,119.4,32.102635,35.209731,90.0,32.102635,35.210997192465825,frame_00890.jpg
900,901,119.4,32.102634,35.209731,63.43494882292201,32.10311367613688,35.21086351695807,frame_00900.jpg
910,911,119.7,32.102635,35.209731,0.0,32.10371028339509,35.209731,frame_00910.jpg
920,921,119.8,32.102635,35.209731,0.0,32.10371118171037,35.209731,frame_00920.jpg
930,931,119.8,32.102635,35.209731,0.0,32.10371118171037,35.209731,frame_00930.jpg
940,941,119.8,32.102635,35.209732,0.0,32.10371118171037,35.209732,frame_00940.jpg
950,951,119.8,32.102635,35.209732,0.0,32.10371118171037,35.209732,frame_00950.jpg
960,961,119.8,32.102635,35.209731,0.0,32.10371118171037,35.209731,frame_00960.jpg
970,971,119.8,32.102636,35.209731,0.0,32.10371218171037,35.209731,frame_00970.jpg
980,981,119.8,32.102637,35.209731,0.0,32.103713181710376,35.209731,frame_00980.jpg
990,991,119.8,32.102637,35.209731,0.0,32.103713181710376,35.209731,frame_00990.jpg
1000,1001,119.8,32.102637,35.209731,0.0,32.103713181710376,35.209731,frame_01000.jpg
1010,1011,119.8,32.102637,35.209732,0.0,32.103713181710376,35.209732,frame_01010.jpg
1020,1021,119.8,32.102636,35.209732,180.0,32.10155981828962,35.209732,frame_01020.jpg
1030,1031,119.8,32.102634,35.209732,180.0,32.10155781828963,35.209732,frame_01030.jpg
1040,1041,119.8,32.102633,35.209732,180.0,32.10155681828962,35.209732,frame_01040.jpg
1050,1051,119.8,32.102632,35.209732,180.0,32.101555818289626,35.209732,frame_01050.jpg
1060,1061,119.8,32.102632,35.209732,224.99999999999997,32.1018710246148,35.208833667309165,frame_01060.jpg
1070,1071,119.8,32.102631,35.209731,270.0,32.102631,35.20846056573901,frame_01070.jpg
1080,1081,119.8,32.102631,35.209729,270.0,32.102631,35.208458565739015,frame_01080.jpg
1090,1091,119.8,32.102632,35.209724,270.0,32.102632,35.2084535657251,frame_01090.jpg
1100,1101,119.8,32.102633,35.209715,270.0,32.102633,35.20844456571119,frame_01100.jpg
1110,1111,119.8,32.102636,35.2097,278.13010233787156,32.102788195076734,35.2084423341777,frame_01110.jpg
1120,1121,119.8,32.10264,35.209685,284.03624347990035,32.102901012404,35.20845249760838,frame_01120.jpg
1130,1131,119.8,32.102643,35.209668,284.03624347990035,32.102904012404,35.20843549756789,frame_01130.jpg
1140,1141,119.8,32.102648,35.209642,284.03624347990035,32.102909012404,35.20840949750042,frame_01140.jpg
1150,1151,119.8,32.102654,35.209621,284.03624343200494,32.10291501240312,35.208388497419186,frame_01150.jpg
1160,1161,119.8,32.102659,35.209598,282.5288077235201,32.10289245659139,35.20835781813345,frame_01160.jpg
1170,1171,119.8,32.102667,35.209565,282.5288077235201,32.102900456591385,35.20832481802481,frame_01170.jpg
1180,1181,119.8,32.102672,35.209539,282.5288077235201,32.10290545659139,35.208298817956916,frame_01180.jpg
1190,1191,119.8,32.102679,35.209511,282.5288077235201,32.10291245659139,35.20827081786186,frame_01190.jpg
1200,1201,119.8,32.102687,35.209474,282.528807713941,32.10292045659122,35.20823381775318,frame_01200.jpg
1210,1211,119.8,32.102694,35.209444,282.5288076804143,32.1029274565906,35.20820381765796,frame_01210.jpg
1220,1221,119.8,32.102701,35.209415,282.5288076804143,32.1029344565906,35.208174817562906,frame_01220.jpg
1230,1231,119.8,32.10271,35.209374,282.5288076804143,32.1029434565906,35.20813381744069,frame_01230.jpg
1240,1241,119.8,32.102717,35.209343,282.5288076708352,32.10295045659042,35.20810281734558,frame_01240.jpg
1250,1251,119.8,32.102724,35.20931,281.3099324896783,32.102935056598035,35.208064235445434,frame_01250.jpg
1260,1261,119.8,32.102734,35.209267,282.5288076708352,32.10296745659042,35.208026817114735,frame_01260.jpg
1270,1271,119.8,32.102741,35.209235,282.5288076708352,32.102974456590424,35.20799481701968,frame_01270.jpg
1280,1281,119.7,32.102748,35.209203,282.5288076804143,32.102981261718654,35.20796385213592,frame_01280.jpg
1290,1291,119.7,32.102757,35.209158,282.5288076804143,32.10299026171865,35.207918852013805,frame_01290.jpg
1300,1301,119.8,32.102764,35.209127,282.5288076804143,32.1029974565906,35.2078868167074,frame_01300.jpg
1310,1311,119.8,32.102772,35.209093,282.5288076804143,32.1030054565906,35.207852816598766,frame_01310.jpg
1320,1321,119.8,32.102781,35.209052,281.3099324896783,32.10299205659803,35.20780623466791,frame_01320.jpg
1330,1331,119.8,32.102788,35.20902,281.3099324896783,32.10299905659803,35.20777423457243,frame_01330.jpg
1340,1341,119.7,32.102794,35.208991,281.3099324818493,32.10300488042377,35.2077462743616,frame_01340.jpg
1350,1351,119.8,32.102802,35.20895,281.3099324818493,32.10301305659789,35.20770423438143,frame_01350.jpg
1360,1361,119.8,32.102808,35.208921,282.528807713941,32.10304145659122,35.207680816110056,frame_01360.jpg
1370,1371,119.8,32.102814,35.208893,282.5288076804143,32.1030474565906,35.20765281602843,frame_01370.jpg
1380,1381,119.8,32.102823,35.208853,282.5288077235201,32.10305645659139,35.20761281590641,frame_01380.jpg
1390,1391,119.8,32.10283,35.208826,284.03624343200494,32.10309101240312,35.207593495043994,frame_01390.jpg
1400,1401,119.8,32.102837,35.208797,286.69924422652366,32.10314623853883,35.207580141926364,frame_01400.jpg
1410,1411,119.8,32.102847,35.208761,288.4349488093516,32.103187318537856,35.207555757384704,frame_01410.jpg
1420,1421,119.8,32.102856,35.208735,288.434948822922,32.1031963185381,35.20752975726602,frame_01420.jpg
1430,1431,119.8,32.102865,35.208709,290.5560452140066,32.10324287262583,35.20751945228535,frame_01430.jpg
1440,1441,119.8,32.102879,35.208674,290.5560452140066,32.10325687262583,35.207484452102996,frame_01440.jpg
1450,1451,119.8,32.102889,35.208649,290.5560452140066,32.103266872625824,35.207459451972746,frame_01450.jpg
1460,1461,119.8,32.102899,35.208623,290.55604523073714,32.10327687262612,35.207433451842626,frame_01460.jpg
1470,1471,119.8,32.102913,35.208588,290.5560452586215,32.10329087262661,35.20739845166049,frame_01470.jpg
1480,1481,119.8,32.102923,35.208562,290.5560452586215,32.103300872626605,35.20737245153023,frame_01480.jpg
1490,1491,119.8,32.102933,35.208536,290.5560452586215,32.10331087262661,35.207346451399985,frame_01490.jpg
1500,1501,119.8,32.102947,35.2085,290.5560452753521,32.1033248726269,35.207310451217765,frame_01500.jpg
1510,1511,119.8,32.102957,35.208474,290.5560452753521,32.1033348726269,35.20728445108751,frame_01510.jpg
1520,1521,119.8,32.102967,35.208448,291.80140946529434,32.103366683852926,35.207268427061464,frame_01520.jpg
1530,1531,119.8,32.102981,35.20841,291.8014094793326,32.103380683853175,35.20723042688076,frame_01530.jpg
1540,1541,119.7,32.102992,35.208383,291.80140946529434,32.10339135022701,35.20720441135732,frame_01540.jpg
1550,1551,119.7,32.103003,35.208352,291.80140946529434,32.10340235022701,35.20717341121536,frame_01550.jpg
1560,1561,119.7,32.103019,35.208311,291.80140946529434,32.10341835022701,35.20713241100888,frame_01560.jpg
1570,1571,119.8,32.10303,35.20828,291.8014094793326,32.10342968385317,35.207100426247884,frame_01570.jpg
1580,1581,119.8,32.103042,35.208249,291.80140946529434,32.10344168385293,35.20706942609277,frame_01580.jpg
1590,1591,119.8,32.103057,35.208208,289.98310653972965,32.10342477763446,35.20701404866745,frame_01590.jpg
1600,1601,119.8,32.10307,35.208176,291.0375110002397,32.10345632671912,35.20699024006453,frame_01600.jpg
1610,1611,119.8,32.103081,35.208146,291.0375110002397,32.10346732671912,35.206960239921706,frame_01610.jpg
1620,1621,119.8,32.103098,35.208103,291.03751102752034,32.1034843267196,35.2069172397012,frame_01620.jpg
1630,1631,119.8,32.10311,35.208072,291.0375110002397,32.10349632671912,35.20688623954518,frame_01630.jpg
1640,1641,119.8,32.103122,35.208039,291.03751102752034,32.1035083267196,35.20685323938959,frame_01640.jpg
1650,1651,119.8,32.103139,35.207995,291.03751102752034,32.1035253267196,35.20680923916886,frame_01650.jpg
1660,1661,119.8,32.103152,35.207961,291.80140946529434,32.10355168385293,35.206781424672,frame_01660.jpg
1670,1671,119.8,32.103165,35.207928,291.80140946529434,32.10356468385292,35.2067484245041,frame_01670.jpg
1680,1681,119.8,32.103182,35.207884,291.03751102752034,32.103568326719596,35.206698238610564,frame_01680.jpg
1690,1691,119.8,32.103194,35.207851,291.03751102752034,32.1035803267196,35.206665238454754,frame_01690.jpg
1700,1701,119.8,32.103207,35.207819,291.03751102752034,32.1035933267196,35.20663323828597,frame_01700.jpg
1710,1711,119.9,32.103225,35.207772,291.03751102752034,32.10361164919599,35.20658524826766,frame_01710.jpg
1720,1721,119.8,32.103237,35.207739,291.03751102752034,32.1036233267196,35.20655323789644,frame_01720.jpg
1730,1731,119.8,32.10325,35.207706,291.03751102752034,32.1036363267196,35.20652023772766,frame_01730.jpg
1740,1741,119.8,32.103267,35.20766,291.80140946529434,32.10366668385293,35.20648042318665,frame_01740.jpg
1750,1751,119.8,32.10328,35.207628,291.80140946529434,32.103679683852924,35.20644842301874,frame_01750.jpg
1760,1761,119.8,32.103292,35.207595,291.80140946529434,32.10369168385293,35.20641542286375,frame_01760.jpg
1770,1771,119.8,32.10331,35.207549,289.98310653972965,32.10367777763446,35.20635504535986,frame_01770.jpg
1780,1781,119.8,32.103322,35.207516,291.03751101073226,32.1037083267193,35.20633023679268,frame_01780.jpg
1790,1791,119.8,32.103335,35.207482,289.98310653972965,32.10370277763446,35.20628804503301,frame_01790.jpg
1800,1801,119.8,32.103351,35.20744,289.98310653972965,32.10371877763446,35.206246044823835,frame_01800.jpg
1810,1811,119.8,32.103364,35.207405,289.98310653972965,32.10373177763446,35.20621104465388,frame_01810.jpg
1820,1821,119.8,32.103377,35.207371,289.98310653972965,32.10374477763446,35.20617704448392,frame_01820.jpg
1830,1831,119.8,32.103393,35.207327,289.98310650704184,32.10376077763387,35.206133044274495,frame_01830.jpg
1840,1841,119.8,32.103405,35.207293,289.98310650704184,32.10377277763388,35.20609904411761,frame_01840.jpg
1850,1851,119.8,32.103417,35.20726,289.98310650704184,32.10378477763388,35.206066043960725,frame_01850.jpg
1860,1861,119.8,32.103434,35.207214,289.98310650704184,32.103801777633876,35.20602004373848,frame_01860.jpg
1870,1871,119.7,32.103445,35.20718,289.98310650704184,32.10381247064086,35.20598704021938,frame_01870.jpg
1880,1881,119.8,32.103458,35.207146,289.98310650704184,32.10382577763388,35.20595204342471,frame_01880.jpg
1890,1891,119.8,32.103474,35.2071,289.98310650704184,32.103841777633875,35.20590604321552,frame_01890.jpg
1900,1901,119.8,32.103486,35.207065,289.98310650704184,32.10385377763387,35.20587104305864,frame_01900.jpg
1910,1911,119.8,32.103498,35.207031,289.98310650704184,32.10386577763388,35.205837042901756,frame_01910.jpg
1920,1921,119.8,32.103515,35.206983,289.98310650704184,32.10388277763388,35.205789042679505,frame_01920.jpg
1930,1931,119.8,32.103527,35.206949,289.98310650704184,32.103894777633876,35.20575504252262,frame_01930.jpg
1940,1941,119.8,32.103539,35.206914,289.98310650704184,32.103906777633874,35.20572004236573,frame_01940.jpg
1950,1951,119.8,32.103556,35.206867,289.98310650704184,32.103923777633874,35.20567304214348,frame_01950.jpg
1960,1961,119.8,32.103569,35.206831,289.98310651892837,32.10393677763409,35.20563704197361,frame_01960.jpg
1970,1971,119.8,32.103581,35.206796,289.98310650704184,32.103948777633875,35.20560204181663,frame_01970.jpg
1980,1981,119.8,32.103598,35.206748,289.98310650704184,32.103965777633874,35.205554041594375,frame_01980.jpg
1990,1991,119.8,32.103611,35.206713,289.98310650704184,32.10397877763388,35.205519041424424,frame_01990.jpg
2000,2001,119.8,32.103623,35.206679,289.98310650704184,32.103990777633875,35.205485041267536,frame_02000.jpg
2010,2011,119.8,32.10364,35.206631,289.98310650704184,32.104007777633875,35.20543704104528,frame_02010.jpg
2020,2021,119.8,32.103652,35.206597,289.98310650704184,32.10401977763387,35.2054030408884,frame_02020.jpg
2030,2031,119.8,32.103665,35.20656,289.98310650704184,32.104032777633876,35.20536604071844,frame_02030.jpg
2040,2041,119.8,32.103682,35.206514,289.98310650704184,32.104049777633875,35.205320040496176,frame_02040.jpg
2050,2051,119.8,32.103694,35.20648,289.98310650704184,32.10406177763387,35.20528604033929,frame_02050.jpg
2060,2061,119.8,32.103711,35.206433,289.98310653972965,32.104078777634456,35.205239040117284,frame_02060.jpg
2070,2071,119.8,32.103724,35.206398,289.98310650704184,32.104091777633876,35.20520403994708,frame_02070.jpg
2080,2081,119.8,32.103736,35.206363,289.98310653972965,32.10410377763446,35.20516903979044,frame_02080.jpg
2090,2091,119.8,32.103754,35.206315,289.98310653972965,32.10412177763446,35.2051210395551,frame_02090.jpg
2100,2101,119.8,32.103766,35.20628,289.98310653972965,32.10413377763446,35.20508603939822,frame_02100.jpg
2110,2111,119.8,32.103779,35.206246,291.03751102752034,32.1041653267196,35.205060230859104,frame_02110.jpg
2120,2121,119.8,32.103797,35.206199,291.0375110380129,32.10418332671978,35.20501323062547,frame_02120.jpg
2130,2131,119.8,32.10381,35.206164,291.80140946529434,32.10420968385293,35.20498441617309,frame_02130.jpg
2140,2141,119.8,32.103823,35.20613,292.61986492876883,32.10423691604212,35.20495727614475,frame_02140.jpg
2150,2151,119.8,32.103842,35.206084,294.44395475532065,32.10428732715993,35.2049274239004,frame_02150.jpg
2160,2161,119.8,32.103856,35.206051,294.44395478599336,32.10430132716045,35.20489442372338,frame_02160.jpg
2170,2171,119.8,32.103871,35.206019,298.6104596607791,32.10438633190493,35.20490367624304,frame_02170.jpg
2180,2181,119.8,32.103894,35.205977,299.05460405682976,32.10441664003961,35.20486642528775,frame_02180.jpg
2190,2191,119.8,32.103911,35.205949,303.6900675051023,32.10450795820559,35.20489191998326,frame_02190.jpg
2200,2201,119.8,32.103929,35.205923,306.8698976702707,32.10457470902659,35.20490663814621,frame_02200.jpg
2210,2211,119.8,32.103956,35.20589,310.6012946258463,32.1046563697731,35.20492540040438,frame_02210.jpg
2220,2221,119.8,32.103975,35.205868,311.1859252017372,32.10468367061569,35.20491188671294,frame_02220.jpg
2230,2231,119.8,32.103997,35.205847,315.0,32.1047579753852,35.20494865388211,frame_02230.jpg
2240,2241,119.8,32.104025,35.205819,315.0,32.1047859753852,35.20492065360667,frame_02240.jpg
2250,2251,119.8,32.104047,35.205798,315.0,32.1048079753852,35.204899653390264,frame_02250.jpg
2260,2261,119.8,32.104068,35.205777,315.0,32.104828975385196,35.204878653183684,frame_02260.jpg
2270,2271,119.8,32.104097,35.205748,315.0,32.1048579753852,35.20484965289841,frame_02270.jpg
2280,2281,119.8,32.10412,35.205725,315.0,32.1048809753852,35.20482665267216,frame_02280.jpg
2290,2291,119.8,32.104143,35.205703,315.0,32.1049039753852,35.2048046524459,frame_02290.jpg
2300,2301,119.8,32.104174,35.205672,315.0,32.1049349753852,35.20477365214095,frame_02300.jpg
2310,2311,119.8,32.104197,35.205649,315.0,32.1049579753852,35.2047506519147,frame_02310.jpg
2320,2321,119.8,32.10422,35.205626,315.0,32.104980975385196,35.20472765168845,frame_02320.jpg
2330,2331,119.8,32.104252,35.205594,315.0,32.1050129753852,35.204695651373655,frame_02330.jpg
2340,2341,119.8,32.104276,35.205571,315.0,32.1050369753852,35.204672651137564,frame_02340.jpg
2350,2351,119.8,32.104299,35.205548,311.6335393449932,32.1050139762125,35.204598448251815,frame_02350.jpg
2360,2361,119.9,32.104328,35.205514,307.8749836698879,32.10498926317204,35.20451032417064,frame_02360.jpg
2370,2371,119.9,32.104346,35.205487,307.87498364170335,32.105007263171615,35.204483323972426,frame_02370.jpg
2380,2381,119.8,32.104364,35.205461,303.690067557296,32.104960958206405,35.20440391474032,frame_02380.jpg
2390,2391,119.8,32.104388,35.205425,303.69006752597977,32.10498495820592,35.204367914462125,frame_02390.jpg
2400,2401,119.8,32.104407,35.205399,303.69006752597977,32.10500395820592,35.20434191424219,frame_02400.jpg
2410,2411,119.8,32.104425,35.205372,303.69006752597977,32.10502195820592,35.20431491403383,frame_02410.jpg
2420,2421,119.8,32.104449,35.205334,303.69006752597977,32.10504595820592,35.204276913756026,frame_02420.jpg
2430,2431,119.9,32.104467,35.205309,303.69006752597977,32.10506445650158,35.20425103117166,frame_02430.jpg
2440,2441,119.9,32.104481,35.205288,303.69006752597977,32.10507845650158,35.20423003100947,frame_02440.jpg
2450,2451,119.9,32.104493,35.20527,303.690067557296,32.10509045650207,35.204212030870835,frame_02450.jpg
2460,2461,119.9,32.104498,35.205263,303.690067557296,32.10509545650207,35.204205030812915,frame_02460.jpg
2470,2471,119.8,32.1045,35.20526,303.690067557296,32.10509695820641,35.204202913166064,frame_02470.jpg
2480,2481,119.8,32.104503,35.205255,296.5650510956558,32.104984283090744,35.20411866575911,frame_02480.jpg
2490,2491,119.8,32.104505,35.205252,270.0,32.104505,35.203981539669186,frame_02490.jpg
2500,2501,119.8,32.104506,35.20525,270.0,32.104506,35.20397953965527,frame_02500.jpg
2510,2511,119.8,32.104506,35.20525,0.0,32.105582181710375,35.20525,frame_02510.jpg
2520,2521,119.8,32.104505,35.205251,63.43494882292201,32.10498628309211,35.20638733426497,frame_02520.jpg
2530,2531,119.8,32.104504,35.205251,90.0,32.104504,35.2065214603169,frame_02530.jpg
2540,2541,119.8,32.104503,35.205252,90.0,32.104503,35.20652246030299,frame_02540.jpg
2550,2551,119.8,32.104503,35.205253,90.0,32.104503,35.20652346030299,frame_02550.jpg
2560,2561,119.8,32.104502,35.205254,90.0,32.104502,35.20652446028908,frame_02560.jpg
2570,2571,119.8,32.104501,35.205255,90.0,32.104501,35.206525460275174,frame_02570.jpg
2580,2581,119.8,32.104501,35.205255,90.0,32.104501,35.206525460275174,frame_02580.jpg
2590,2591,119.8,32.1045,35.205256,134.9999997964445,32.10373902461751,35.20615435106915,frame_02590.jpg
2600,2601,119.8,32.1045,35.205257,134.9999997964445,32.10373902461751,35.20615535106916,frame_02600.jpg
2610,2611,119.8,32.1045,35.205257,90.0,32.1045,35.20652746026126,frame_02610.jpg
2620,2621,119.8,32.104499,35.205257,90.0,32.104499,35.20652746024735,frame_02620.jpg
2630,2631,119.8,32.104499,35.205258,90.0,32.104499,35.20652846024735,frame_02630.jpg
2640,2641,119.8,32.104499,35.205258,90.0,32.104499,35.20652846024735,frame_02640.jpg
2650,2651,119.8,32.104499,35.205258,90.0,32.104499,35.20652846024735,frame_02650.jpg
2660,2661,119.8,32.104499,35.205259,90.0,32.104499,35.206529460247346,frame_02660.jpg
2670,2671,119.8,32.104499,35.205259,90.0,32.104499,35.206529460247346,frame_02670.jpg
2680,2681,119.8,32.104499,35.205259,90.0,32.104499,35.206529460247346,frame_02680.jpg
2690,2691,119.8,32.104499,35.205259,90.0,32.104499,35.206529460247346,frame_02690.jpg
2700,2701,119.8,32.104499,35.205259,90.0,32.104499,35.206529460247346,frame_02700.jpg
2710,2711,119.8,32.104499,35.205259,0.0,32.10557518171037,35.205259,frame_02710.jpg
2720,2721,119.8,32.1045,35.205259,0.0,32.105576181710376,35.205259,frame_02720.jpg
2730,2731,119.8,32.1045,35.205258,270.0,32.1045,35.20398753973874,frame_02730.jpg
2740,2741,119.8,32.1045,35.205258,270.0,32.1045,35.20398753973874,frame_02740.jpg
2750,2751,119.8,32.1045,35.205258,270.0,32.1045,35.20398753973874,frame_02750.jpg
2760,2761,119.8,32.1045,35.205258,270.0,32.1045,35.20398753973874,frame_02760.jpg
2770,2771,119.8,32.1045,35.205258,270.0,32.1045,35.20398753973874,frame_02770.jpg
2780,2781,119.8,32.1045,35.205258,270.0,32.1045,35.20398753973874,frame_02780.jpg
2790,2791,119.8,32.1045,35.205258,270.0,32.1045,35.20398753973874,frame_02790.jpg
2800,2801,119.8,32.1045,35.205258,270.0,32.1045,35.20398753973874,frame_02800.jpg
2810,2811,119.8,32.1045,35.205258,270.0,32.1045,35.20398753973874,frame_02810.jpg
2820,2821,119.8,32.1045,35.205258,270.0,32.1045,35.20398753973874,frame_02820.jpg
2830,2831,119.8,32.1045,35.205258,270.0,32.1045,35.20398753973874,frame_02830.jpg
2840,2841,119.8,32.1045,35.205258,270.0,32.1045,35.20398753973874,frame_02840.jpg
2850,2851,119.8,32.1045,35.205257,270.0,32.1045,35.20398653973874,frame_02850.jpg
2860,2861,119.8,32.1045,35.205257,270.0,32.1045,35.20398653973874,frame_02860.jpg
2870,2871,119.8,32.1045,35.205257,270.0,32.1045,35.20398653973874,frame_02870.jpg
2880,2881,119.8,32.1045,35.205257,270.0,32.1045,35.20398653973874,frame_02880.jpg
2890,2891,119.8,32.1045,35.205257,270.0,32.1045,35.20398653973874,frame_02890.jpg
2900,2901,119.8,32.1045,35.205257,270.0,32.1045,35.20398653973874,frame_02900.jpg
2910,2911,119.8,32.1045,35.205257,270.0,32.1045,35.20398653973874,frame_02910.jpg
2920,2921,119.8,32.1045,35.205257,270.0,32.1045,35.20398653973874,frame_02920.jpg
2930,2931,119.8,32.1045,35.205257,270.0,32.1045,35.20398653973874,frame_02930.jpg
2940,2941,119.8,32.104499,35.205256,270.0,32.104499,35.20398553975265,frame_02940.jpg
2950,2951,119.8,32.104499,35.205256,90.0,32.104499,35.206526460247346,frame_02950.jpg
2960,2961,119.8,32.104499,35.205257,90.0,32.104499,35.20652746024735,frame_02960.jpg
2970,2971,119.8,32.104499,35.205257,90.0,32.104499,35.20652746024735,frame_02970.jpg
2980,2981,119.8,32.104499,35.205257,90.0,32.104499,35.20652746024735,frame_02980.jpg
2990,2991,119.8,32.104499,35.205257,90.0,32.104499,35.20652746024735,frame_02990.jpg
3000,3001,119.8,32.104499,35.205257,90.0,32.104499,35.20652746024735,frame_03000.jpg
3010,3011,119.8,32.104499,35.205257,90.0,32.104499,35.20652746024735,frame_03010.jpg
3020,3021,119.8,32.1045,35.205257,90.0,32.1045,35.20652746026126,frame_03020.jpg
3030,3031,119.8,32.1045,35.205257,90.0,32.1045,35.20652746026126,frame_03030.jpg
3040,3041,119.8,32.1045,35.205257,90.0,32.1045,35.20652746026126,frame_03040.jpg
3050,3051,119.8,32.1045,35.205257,90.0,32.1045,35.20652746026126,frame_03050.jpg
3060,3061,119.8,32.1045,35.205257,90.0,32.1045,35.20652746026126,frame_03060.jpg
3070,3071,119.8,32.1045,35.205257,90.0,32.1045,35.20652746026126,frame_03070.jpg
3080,3081,119.8,32.1045,35.205257,90.0,32.1045,35.20652746026126,frame_03080.jpg
3090,3091,119.8,32.104501,35.205257,0.0,32.10557718171037,35.205257,frame_03090.jpg
3100,3101,119.8,32.104501,35.205257,0.0,32.10557718171037,35.205257,frame_03100.jpg
3110,3111,119.8,32.104501,35.205257,0.0,32.10557718171037,35.205257,frame_03110.jpg
3120,3121,119.8,32.104501,35.205257,63.43494882292201,32.104982283092106,35.2063933342152,frame_03120.jpg
3130,3131,119.8,32.104501,35.205257,63.43494882292201,32.104982283092106,35.2063933342152,frame_03130.jpg
3140,3141,119.8,32.104501,35.205257,63.43494882292201,32.104982283092106,35.2063933342152,frame_03140.jpg
3150,3151,119.8,32.1045,35.205257,63.43494882292201,32.10498128309211,35.20639333420276,frame_03150.jpg
3160,3161,119.8,32.1045,35.205256,270.0,32.1045,35.20398553973874,frame_03160.jpg
3170,3171,119.8,32.104501,35.205252,270.0,32.104501,35.20398153972483,frame_03170.jpg
3180,3181,119.8,32.104502,35.205246,281.6799188969042,32.104719866620094,35.20400184608572,frame_03180.jpg
3190,3191,119.8,32.104506,35.205233,288.4349487822109,32.104846318537376,35.20402773548983,frame_03190.jpg
3200,3201,119.8,32.10451,35.20522,288.43494884327754,32.10485031853846,35.20401473543747,frame_03200.jpg
3210,3211,119.8,32.104515,35.205204,288.43494884327754,32.10485531853846,35.203998735371485,frame_03210.jpg
3220,3221,119.8,32.104522,35.205181,288.43494884327754,32.104862318538466,35.203975735279094,frame_03220.jpg
3230,3231,119.8,32.104529,35.205161,288.43494884327754,32.10486931853846,35.2039557351867,frame_03230.jpg
3240,3241,119.8,32.104536,35.20514,288.43494884327754,32.104876318538466,35.20393473509432,frame_03240.jpg
3250,3251,119.8,32.104547,35.205109,288.43494884327754,32.10488731853846,35.203903734949144,frame_03250.jpg
3260,3261,119.8,32.104555,35.205085,288.43494884327754,32.10489531853846,35.203879734843554,frame_03260.jpg
3270,3271,119.7,32.104564,35.205059,288.434948822922,32.10490403446587,35.20385474078913,frame_03270.jpg
3280,3281,119.8,32.104576,35.205025,288.434948822922,32.1049163185381,35.20381973456625,frame_03280.jpg
3290,3291,119.8,32.104587,35.204995,289.98310653972965,32.10495477763446,35.20380102866432,frame_03290.jpg
3300,3301,119.8,32.104596,35.204967,289.98310653972965,32.10496377763446,35.203773028546664,frame_03300.jpg
3310,3311,119.7,32.10461,35.204928,289.98310653972965,32.10497747064144,35.203735025001045,frame_03310.jpg
3320,3321,119.8,32.104621,35.204899,289.98310653972965,32.10498877763446,35.203705028219794,frame_03320.jpg
3330,3331,119.8,32.104631,35.204869,289.98310653972965,32.10499877763446,35.20367502808905,frame_03330.jpg
3340,3341,119.8,32.104646,35.204828,289.98310653972965,32.10501377763446,35.20363402789293,frame_03340.jpg
3350,3351,119.8,32.104657,35.204797,289.98310650704184,32.10502477763388,35.20360302774887,frame_03350.jpg
3360,3361,119.8,32.104669,35.204765,289.98310650704184,32.10503677763388,35.20357102759198,frame_03360.jpg
3370,3371,119.8,32.104683,35.204724,289.98310650704184,32.10505077763388,35.20353002740893,frame_03370.jpg
3380,3381,119.8,32.104694,35.204693,289.98310650704184,32.10506177763388,35.20349902726511,frame_03380.jpg
3390,3391,119.8,32.104705,35.204661,289.98310650704184,32.10507277763388,35.20346702712129,frame_03390.jpg
3400,3401,119.8,32.10472,35.204619,289.98310650704184,32.10508777763388,35.203425026925174,frame_03400.jpg
3410,3411,119.8,32.104731,35.204588,289.98310650704184,32.10509877763388,35.20339402678135,frame_03410.jpg
3420,3421,119.8,32.104741,35.204558,289.98310651892837,32.105108777634086,35.203364026650696,frame_03420.jpg
3430,3431,119.8,32.104757,35.204514,289.98310651892837,32.10512477763409,35.20332002644151,frame_03430.jpg
3440,3441,119.8,32.104768,35.204483,289.98310650704184,32.105135777633876,35.2032890262976,frame_03440.jpg
3450,3451,119.8,32.104781,35.204449,289.98310650704184,32.10514877763388,35.20325502612762,frame_03450.jpg
3460,3461,119.8,32.104797,35.204404,289.98310650704184,32.105164777633874,35.20321002591843,frame_03460.jpg
3470,3471,119.8,32.104808,35.204369,288.43494884327754,32.10514831853846,35.20316373150442,frame_03470.jpg
3480,3481,119.8,32.10482,35.204334,288.4349488127442,32.10516031853791,35.20312873134583,frame_03480.jpg
3490,3491,119.8,32.104837,35.204288,288.43494884327754,32.105177318538466,35.20308273112167,frame_03490.jpg
3500,3501,119.8,32.104849,35.204252,288.43494884327754,32.105189318538464,35.20304673096329,frame_03500.jpg
3510,3511,119.8,32.104861,35.204218,288.43494884327754,32.10520131853846,35.20301273080491,frame_03510.jpg
3520,3521,119.8,32.104877,35.204171,288.43494884327754,32.105217318538465,35.20296573059374,frame_03520.jpg
3530,3531,119.8,32.104889,35.204137,288.43494884327754,32.10522931853846,35.20293173043536,frame_03530.jpg
3540,3541,119.8,32.104901,35.204102,288.43494884327754,32.10524131853846,35.202896730276976,frame_03540.jpg
3550,3551,119.8,32.104918,35.204056,289.6538240635797,32.10527995907908,35.20285954884852,frame_03550.jpg
3560,3561,119.8,32.10493,35.204021,289.98310650704184,32.10529777763388,35.202827024179506,frame_03560.jpg
3570,3571,119.8,32.104942,35.203986,289.98310650704184,32.10530977763388,35.202792024022614,frame_03570.jpg
3580,3581,119.8,32.104959,35.203939,289.6538240635797,32.10532095907908,35.20274254831135,frame_03580.jpg
3590,3591,119.8,32.104971,35.203904,289.6538240635797,32.10533295907908,35.20270754815413,frame_03590.jpg
3600,3601,119.8,32.104984,35.203869,289.98310650704184,32.10535177763388,35.202675023473475,frame_03600.jpg
3610,3611,119.8,32.105,35.203823,288.43494884327754,32.10534031853846,35.20261772897034,frame_03610.jpg
3620,3621,119.8,32.105012,35.203787,288.43494884327754,32.105352318538465,35.20258172881196,frame_03620.jpg
3630,3631,119.8,32.105024,35.203752,288.43494884327754,32.10536431853846,35.20254672865358,frame_03630.jpg
3640,3641,119.8,32.10504,35.203706,288.4349488330998,32.10538031853828,35.20250072844233,frame_03640.jpg
3650,3651,119.8,32.105052,35.20367,289.98310650704184,32.10541977763388,35.2024760225844,frame_03650.jpg
3660,3661,119.9,32.105064,35.203636,289.98310651892837,32.105432084627104,35.20244102578521,frame_03660.jpg
3670,3671,119.8,32.105081,35.203588,289.98310651892837,32.10544877763409,35.202394022205326,frame_03670.jpg
3680,3681,119.8,32.105094,35.203553,289.98310653972965,32.10546177763446,35.2023590220355,frame_03680.jpg
3690,3691,119.8,32.105106,35.203519,292.6198649456315,32.10551991604241,35.202346259668865,frame_03690.jpg
3700,3701,119.9,32.105125,35.203474,293.9624889619871,32.105562443629225,35.2023120617059,frame_03700.jpg
3710,3711,119.9,32.105139,35.203444,296.565051177078,32.10562068483092,35.2023067093132,frame_03710.jpg
3720,3721,119.9,32.105156,35.203413,300.96375653806047,32.105710153101555,35.202322672123444,frame_03720.jpg
3730,3731,119.9,32.105179,35.203375,303.69006752597977,32.10577645650158,35.20231702292293,frame_03730.jpg
3740,3741,119.9,32.105196,35.203351,306.8698976377018,32.10584224801527,35.20233377565061,frame_03740.jpg
3750,3751,119.9,32.105216,35.203327,315.0,32.105977610590024,35.202427892008885,frame_03750.jpg
3760,3761,119.9,32.105245,35.203301,324.4623221860196,32.106121456067804,35.20256193754881,frame_03760.jpg
3770,3771,119.9,32.105267,35.203287,330.25511870932104,32.106202167345856,35.20265614374873,frame_03770.jpg
3780,3781,119.9,32.105288,35.203278,343.51737265721937,32.10632081829132,35.20291723516204,frame_03780.jpg
3790,3791,119.9,32.105318,35.203272,352.45401106509513,32.1063857522693,35.20310501993122,frame_03790.jpg
3800,3801,119.9,32.105338,35.203274,8.588925222021736,32.106403000860176,35.20346389601986,frame_03800.jpg
3810,3811,119.8,32.105357,35.203279,21.801409500390122,32.10635620963314,35.20375084152402,frame_03810.jpg
3820,3821,119.8,32.105378,35.203291,36.86989766212846,32.10623894536812,35.20405328348603,frame_03820.jpg
3830,3831,119.8,32.105392,35.203302,38.65980827394916,32.10623235673069,35.20409565798598,frame_03830.jpg
3840,3841,119.8,32.105402,35.203317,56.309932520994565,32.105998958205184,35.2043740972762,frame_03840.jpg
3850,3851,119.8,32.105414,35.203338,59.03624347990033,32.105967690921865,35.2044274215903,frame_03850.jpg
3860,3861,119.8,32.105424,35.203355,59.03624347990033,32.10597769092186,35.2044444217096,frame_03860.jpg
3870,3871,119.8,32.105434,35.203374,60.2551186654783,32.10596793565188,35.20447707969078,frame_03870.jpg
3880,3881,119.8,32.105449,35.2034,60.25511869053128,32.10598293565147,35.20450307987226,frame_03880.jpg
3890,3891,119.8,32.105462,35.203423,60.255118709321025,32.105995935651165,35.2045260800295,frame_03890.jpg
3900,3901,119.8,32.105475,35.203446,60.255118709321025,32.10600893565116,35.20454908018653,frame_03900.jpg
3910,3911,119.8,32.105493,35.203478,60.94539588940084,32.106015640040496,35.2045885941577,frame_03910.jpg
3920,3921,119.8,32.105507,35.203503,60.94539588940084,32.1060296400405,35.20461359432796,frame_03920.jpg
3930,3931,119.8,32.105521,35.203528,60.94539588940084,32.1060436400405,35.20463859449823,frame_03930.jpg
3940,3941,119.9,32.105541,35.203564,60.94539588940084,32.10606407630097,35.20467552178216,frame_03940.jpg
3950,3951,119.9,32.105556,35.203591,60.94539588940084,32.106079076300965,35.204702521964734,frame_03950.jpg
3960,3961,119.9,32.105572,35.20362,60.94539592396687,32.1060950763004,35.20473152215986,frame_03960.jpg
3970,3971,119.9,32.105593,35.203659,61.389540339220915,32.10610876206511,35.2047752757941,frame_03970.jpg
3980,3981,119.9,32.105609,35.203688,63.43494882292201,32.10609068483092,35.20482529654026,frame_03980.jpg
3990,3991,119.9,32.105624,35.203718,65.55604520006445,32.1060696988862,35.20487556410976,frame_03990.jpg
4000,4001,119.9,32.105643,35.203759,65.5560452140066,32.10608869888596,35.20491656435074,frame_04000.jpg
4010,4011,119.9,32.105656,35.20379,68.19859049960988,32.10605601747947,35.20497059231904,frame_04010.jpg
4020,4021,119.9,32.105668,35.20382,70.01689349295809,32.1060360846269,35.20501498211874,frame_04020.jpg
4030,4031,119.9,32.105682,35.203863,71.56505115672245,32.1060226026107,35.20506928610793,frame_04030.jpg
4040,4041,119.8,32.105692,35.203895,71.56505118725576,32.10603231853791,35.205100280163315,frame_04040.jpg
4050,4051,119.8,32.105705,35.203939,73.30075576227142,32.10601423853903,35.205155896289945,frame_04050.jpg
4060,4061,119.8,32.105716,35.203971,73.30075576227142,32.10602523853903,35.205187896436534,frame_04060.jpg
4070,4071,119.8,32.105726,35.204004,73.30075576227142,32.10603523853903,35.20522089656979,frame_04070.jpg
4080,4081,119.8,32.105739,35.204049,73.30075572492179,32.1060482385397,35.205265896742794,frame_04080.jpg
4090,4091,119.8,32.10575,35.204083,73.30075576227142,32.10605923853903,35.20529989688962,frame_04090.jpg
4100,4101,119.8,32.10576,35.204117,71.56505119743356,32.106100318537734,35.2053222810609,frame_04100.jpg
4110,4111,119.9,32.105774,35.204163,71.56505119743356,32.10611460260997,35.20536928732353,frame_04110.jpg
4120,4121,119.9,32.105784,35.204196,71.56505119743356,32.106124602609974,35.20540228745563,frame_04120.jpg
4130,4131,119.9,32.105796,35.204232,71.56505119743356,32.10613660260997,35.20543828761414,frame_04130.jpg
4140,4141,119.9,32.10581,35.204279,71.56505119743356,32.10615060260997,35.20548528779908,frame_04140.jpg
4150,4151,119.9,32.105821,35.204314,71.56505119743356,32.10616160260997,35.20552028794439,frame_04150.jpg
4160,4161,119.9,32.105832,35.204349,72.89727101774403,32.10614875399385,35.2055643105644,frame_04160.jpg
4170,4171,119.9,32.105847,35.204396,72.89727103754943,32.10616375399349,35.20561131076416,frame_04170.jpg
4180,4181,119.9,32.105858,35.204432,72.89727101774403,32.10617475399385,35.20564731091042,frame_04180.jpg
4190,4191,119.9,32.105869,35.204467,72.89727100894163,32.106185753994005,35.20568231105677,frame_04190.jpg
4200,4201,119.9,32.105884,35.204514,72.89727100894163,32.10620075399401,35.2057293112564,frame_04200.jpg
4210,4211,119.9,32.105895,35.20455,72.89727101774403,32.10621175399385,35.20576531140285,frame_04210.jpg
4220,4221,119.9,32.105905,35.204586,72.89727104635183,32.10622175399334,35.20580131153613,frame_04220.jpg
4230,4231,119.9,32.10592,35.204633,74.74488130007386,32.106203398502124,35.205859736288836,frame_04230.jpg
4240,4241,119.9,32.10593,35.204668,74.74488130007386,32.10621339850213,35.20589473642317,frame_04240.jpg
4250,4251,119.9,32.10594,35.204703,75.96375653207353,32.106201230277236,35.205936575767154,frame_04250.jpg
4260,4261,119.9,32.105952,35.204752,75.96375653207353,32.10621323027724,35.20598557592926,frame_04260.jpg
4270,4271,119.9,32.105959,35.204787,78.69006751815073,32.10617023277201,35.2060338485926,frame_04270.jpg
4280,4281,119.9,32.105966,35.204822,80.53767778097139,32.10614307086567,35.20607624047244,frame_04280.jpg
4290,4291,119.9,32.105972,35.204869,80.53767781398038,32.10614907086506,35.20612324055498,frame_04290.jpg
4300,4301,119.9,32.105976,35.204903,81.25383776097722,32.10613977775548,35.206159755431,frame_04300.jpg
4310,4311,119.9,32.10598,35.204938,84.80557106890637,32.10607751424411,35.206204319395425,frame_04310.jpg
4320,4321,119.9,32.105986,35.204985,85.23635828681253,32.106075446628,35.206252149225264,frame_04320.jpg
4330,4331,119.9,32.10599,35.205021,85.23635828681253,32.106079446627994,35.206288149280766,frame_04330.jpg
4340,4341,119.9,32.105994,35.205057,85.23635828681253,32.106083446628,35.20632414933627,frame_04340.jpg
4350,4351,119.9,32.105998,35.205105,85.2363583205045,32.10608744662736,35.20637214939185,frame_04350.jpg
4360,4361,119.9,32.106002,35.205141,85.23635832331216,32.1060914466273,35.20640814944735,frame_04360.jpg
4370,4371,119.9,32.106005,35.205178,85.60129462345154,32.106087608267394,35.20644579635684,frame_04370.jpg
4380,4381,119.9,32.106009,35.205227,85.60129462345154,32.10609160826739,35.20649479641238,frame_04380.jpg
4390,4391,119.9,32.106012,35.205265,85.60129462584632,32.10609460826735,35.20653279645403,frame_04390.jpg
4400,4401,119.9,32.106015,35.205302,85.60129462584632,32.10609760826735,35.206569796495685,frame_04400.jpg
4410,4411,119.9,32.10602,35.205352,85.60129462584632,32.10610260826735,35.2066197965651,frame_04410.jpg
4420,4421,119.9,32.106022,35.205388,85.60129462584632,32.10610460826735,35.20665579659287,frame_04420.jpg
4430,4431,119.9,32.106026,35.205427,85.60129465458355,32.10610860826681,35.20669479664845,frame_04430.jpg
4440,4441,119.9,32.10603,35.205477,85.60129462345154,32.10611260826739,35.20674479670394,frame_04440.jpg
4450,4451,119.9,32.106033,35.205513,85.60129462345154,32.10611560826739,35.20678079674558,frame_04450.jpg
4460,4461,119.9,32.106037,35.205553,85.2363583205045,32.106126446627364,35.20682014993303,frame_04460.jpg
4470,4471,119.9,32.106041,35.205604,85.2363583205045,32.10613044662736,35.20687114998854,frame_04470.jpg
4480,4481,119.9,32.106044,35.205643,85.2363583205045,32.10613344662736,35.20691015003016,frame_04480.jpg
4490,4491,119.9,32.106048,35.205681,85.60129462345154,32.10613060826739,35.20694879695384,frame_04490.jpg
4500,4501,119.9,32.106052,35.205731,85.2363583205045,32.10614144662736,35.206998150141175,frame_04500.jpg
4510,4511,119.9,32.106055,35.20577,85.60129462345154,32.10613760826739,35.20703779705102,frame_04510.jpg
4520,4521,119.9,32.106058,35.205808,85.60129462584632,32.106140608267346,35.20707579709268,frame_04520.jpg
4530,4531,119.9,32.106062,35.205858,85.60129462584632,32.10614460826735,35.20712579714821,frame_04530.jpg
4540,4541,119.9,32.106064,35.205896,85.60129462584632,32.10614660826735,35.20716379717598,frame_04540.jpg
4550,4551,119.9,32.106067,35.205934,85.60129462584632,32.10614960826735,35.20720179721763,frame_04550.jpg
4560,4561,119.9,32.106071,35.205985,85.60129462584632,32.10615360826735,35.20725279727316,frame_04560.jpg
4570,4571,119.9,32.106075,35.206022,85.60129462584632,32.106157608267345,35.2072897973287,frame_04570.jpg
4580,4581,119.9,32.106077,35.206058,85.60129465458355,32.10615960826681,35.20732579735652,frame_04580.jpg
4590,4591,119.9,32.106082,35.206111,85.60129465458355,32.10616460826681,35.20737879742593,frame_04590.jpg
4600,4601,119.9,32.106085,35.206149,85.60129462584632,32.10616760826735,35.20741679746754,frame_04600.jpg
4610,4611,119.9,32.106088,35.206187,85.60129462584632,32.10617060826735,35.207454797509186,frame_04610.jpg
4620,4621,119.9,32.106092,35.206238,85.60129465458355,32.106174608266805,35.20750579756477,frame_04620.jpg
4630,4631,119.9,32.106095,35.206275,85.60129465458355,32.10617760826681,35.20754279760642,frame_04630.jpg
4640,4641,119.9,32.106097,35.206313,85.60129465696424,32.106179608266764,35.20758079763419,frame_04640.jpg
4650,4651,119.9,32.106099,35.206363,90.0,32.106099,35.207634543010315,frame_04650.jpg
4660,4661,119.9,32.1061,35.206401,90.0,32.1061,35.20767254302424,frame_04660.jpg
4670,4671,119.9,32.1061,35.206438,90.0,32.1061,35.20770954302424,frame_04670.jpg
4680,4681,119.9,32.106098,35.206486,93.81531944663367,32.10602633035732,35.207754724891736,frame_04680.jpg
4690,4691,119.9,32.106096,35.206521,94.39870537415369,32.10601339173265,35.20778879762026,frame_04690.jpg
4700,4701,119.9,32.106093,35.206559,94.76364171037982,32.10600355337206,35.207826150710055,frame_04700.jpg
4710,4711,119.9,32.106088,35.206608,95.19442889438692,32.10599048575658,35.20787432089319,frame_04710.jpg
4720,4721,119.9,32.106083,35.206643,95.19442889438692,32.10598548575658,35.20790932082385,frame_04720.jpg
4730,4731,119.9,32.106079,35.20668,95.71059312540724,32.10597182653199,35.207945232307125,frame_04730.jpg
4740,4741,119.9,32.106073,35.206728,98.74616227432142,32.10590922224387,35.20798475676587,frame_04740.jpg
4750,4751,119.9,32.106069,35.206765,99.46232218601962,32.10589192913494,35.208019241887285,frame_04750.jpg
4760,4761,119.9,32.106064,35.2068,99.46232221902862,32.105886929134336,35.208054241818495,frame_04760.jpg
4770,4771,119.9,32.106055,35.206847,104.03624345994392,32.10579376972291,35.20808057732072,frame_04770.jpg
4780,4781,119.9,32.106044,35.206877,111.80140950039012,32.10564398252053,35.20805759733533,frame_04780.jpg
4790,4791,119.9,32.106031,35.206904,113.96248899976032,32.10559355637013,35.2080659498219,frame_04790.jpg
4800,4801,119.9,32.106014,35.206941,116.56505115672245,32.10553231516943,35.208078301584514,frame_04800.jpg
4810,4811,119.9,32.106,35.20697,116.56505119336244,32.10551831516881,35.20810730140978,frame_04810.jpg
4820,4821,119.9,32.105986,35.206997,122.00538317606353,32.10541514872861,35.20807526498228,frame_04820.jpg
4830,4831,119.9,32.105964,35.207029,125.53767781398038,32.10533795995106,35.20806369557761,frame_04830.jpg
4840,4841,119.9,32.105947,35.207051,131.18592514769588,32.10523773784031,35.20800793204328,frame_04840.jpg
4850,4851,119.9,32.105929,35.207069,135.0,32.10516738940998,35.207968115011305,frame_04850.jpg
4860,4861,119.9,32.105904,35.207089,146.30993248967835,32.10500781524746,35.207794323650866,frame_04860.jpg
4870,4871,119.9,32.105885,35.2071,153.434948822922,32.10492163033817,35.20766864998883,frame_04870.jpg
4880,4881,119.9,32.105866,35.207109,161.5650512177891,32.10484419216875,35.20751109617871,frame_04880.jpg
4890,4891,119.9,32.10584,35.207116,168.69006755729603,32.10478383614055,35.207365369392875,frame_04890.jpg
4900,4901,119.9,32.105822,35.207119,170.5376778139804,32.10475957480715,35.207328039748624,frame_04900.jpg
4910,4911,119.9,32.105804,35.207122,171.8698976051329,32.10473774517407,35.207301822757,frame_04910.jpg
4920,4921,119.9,32.105774,35.207126,172.874983619782,32.10470523731916,35.20728371493918,frame_04920.jpg
4930,4931,119.9,32.105752,35.207129,172.87498366988794,32.104683237319044,35.20728671490008,frame_04930.jpg
4940,4941,119.9,32.105727,35.207131,172.87498366988794,32.10465823731904,35.207288714856894,frame_04940.jpg
4950,4951,119.9,32.105694,35.207135,173.65980822430149,32.104623507681616,35.20727541781299,frame_04950.jpg
4960,4961,119.9,32.105668,35.207137,173.65980826898445,32.104597507681525,35.20727741777202,frame_04960.jpg
4970,4971,119.9,32.105641,35.20714,173.65980826898445,32.10457050768152,35.2072804177305,frame_04970.jpg
4980,4981,119.9,32.105604,35.207143,174.28940683831556,32.10453226531768,35.207269522573114,frame_04980.jpg
4990,4991,119.9,32.105576,35.207146,174.28940683831556,32.10450426531768,35.20727252253432,frame_04990.jpg
5000,5001,119.9,32.105547,35.207148,174.28940683831556,32.10447526531768,35.20727452249413,frame_05000.jpg
5010,5011,119.9,32.105508,35.207151,174.28940687459277,32.10443626531762,35.207277522439306,frame_05010.jpg
5020,5021,119.9,32.105478,35.207154,174.28940687862357,32.10440626531761,35.207280522397646,frame_05020.jpg
5030,5031,119.9,32.105449,35.207156,174.28940687862357,32.10437726531761,35.20728252235747,frame_05030.jpg
5040,5041,119.9,32.105408,35.20716,174.28940687862357,32.104336265317606,35.20728652230066,frame_05040.jpg
5050,5051,119.9,32.105377,35.207162,174.28940687862357,32.104305265317606,35.207288522257706,frame_05050.jpg
5060,5061,119.9,32.105335,35.207166,174.8055711056131,32.1042623433196,35.20728111913163,frame_05060.jpg
5070,5071,119.9,32.105305,35.207168,174.8055711056131,32.1042323433196,35.20728311909381,frame_05070.jpg
5080,5081,119.9,32.105274,35.20717,174.8055711056131,32.1042013433196,35.207285119054724,frame_05080.jpg
5090,5091,119.9,32.105232,35.207174,174.8055711056131,32.1041593433196,35.207289119001786,frame_05090.jpg
5100,5101,119.9,32.105199,35.207176,174.8055711056131,32.1041263433196,35.20729111896018,frame_05100.jpg
5110,5111,119.9,32.105168,35.207178,174.8055711056131,32.1040953433196,35.2072931189211,frame_05110.jpg
5120,5121,119.8,32.105126,35.207181,174.8055711056131,32.10405423794569,35.20729602285575,frame_05120.jpg
5130,5131,119.8,32.105093,35.207183,174.8055711056131,32.10402123794569,35.207298022814186,frame_05130.jpg
5140,5141,119.8,32.105062,35.207185,174.8055711056131,32.10399023794569,35.207300022775144,frame_05140.jpg
5150,5151,119.8,32.105018,35.207188,174.8055711056131,32.10394623794569,35.20730302271972,frame_05150.jpg
5160,5161,119.8,32.104986,35.20719,174.8055711056131,32.10391423794569,35.207305022679414,frame_05160.jpg
5170,5171,119.8,32.104953,35.207192,174.8055711056131,32.10388123794569,35.20730702263785,frame_05170.jpg
5180,5181,119.9,32.104909,35.207194,175.23635828681253,32.10383564046917,35.20729959452389,frame_05180.jpg
5190,5191,119.9,32.104877,35.207196,175.23635828681253,32.103803640469174,35.20730159448689,frame_05190.jpg
5200,5201,119.9,32.104845,35.207198,174.8055711056131,32.1037723433196,35.20731311851392,frame_05200.jpg
5210,5211,119.9,32.104801,35.2072,174.8055711056131,32.1037283433196,35.20731511845845,frame_05210.jpg
5220,5221,119.9,32.104769,35.207202,175.23635832050448,32.10369564046912,35.20730759436126,frame_05220.jpg
5230,5231,119.9,32.104737,35.207204,175.23635832050448,32.10366364046912,35.20730959432426,frame_05230.jpg
5240,5241,119.9,32.104693,35.207207,174.8055711056131,32.1036203433196,35.20732211832231,frame_05240.jpg
5250,5251,119.9,32.104661,35.207209,174.8055711056131,32.1035883433196,35.207324118281974,frame_05250.jpg
5260,5261,119.9,32.104629,35.207211,174.8055711056131,32.1035563433196,35.20732611824163,frame_05260.jpg
5270,5271,119.9,32.104587,35.207213,174.80557106890637,32.10351434331967,35.2073281181895,frame_05270.jpg
5280,5281,119.9,32.104554,35.207216,174.28940683831556,32.10348226531768,35.20734252111835,frame_05280.jpg
5290,5291,119.9,32.104522,35.207221,167.47119227647985,32.10347056841623,35.20749683164423,frame_05290.jpg
5300,5301,119.9,32.104484,35.207231,161.565051177078,32.10346219216899,35.20763309009438,frame_05300.jpg
5310,5311,119.9,32.104457,35.207241,156.0375110380129,32.103472751833664,35.207757413241765,frame_05310.jpg
5320,5321,119.9,32.104433,35.207254,150.94539588940086,32.10349146265871,35.20787150460913,frame_05320.jpg
5330,5331,119.9,32.104402,35.207274,144.4623221860196,32.10352554393219,35.20801305562875,frame_05330.jpg
5340,5341,119.9,32.104382,35.20729,139.3987053741537,32.10356421987901,35.20811749366286,frame_05340.jpg
5350,5351,119.9,32.104364,35.207307,135.0,32.10360238940997,35.20820609960267,frame_05350.jpg
5360,5361,119.9,32.104343,35.207332,129.80557106556938,32.10365347017077,35.20830880761528,frame_05360.jpg
5370,5371,119.8,32.104328,35.207352,128.65980827394918,32.10365571461497,35.208344060922876,frame_05370.jpg
5380,5381,119.9,32.104313,35.207372,126.86989767027067,32.103666751984235,35.20838921451321,frame_05380.jpg
5390,5391,119.9,32.104291,35.207401,126.8698976377018,32.10364475198473,35.20841821426859,frame_05390.jpg
5400,5401,119.9,32.104274,35.207423,126.8698976377018,32.103627751984725,35.20844021407923,frame_05400.jpg
5410,5411,119.9,32.104257,35.207446,126.8698976377018,32.103610751984725,35.20846321388987,frame_05410.jpg
5420,5421,119.9,32.104233,35.207478,126.8698976377018,32.10358675198473,35.20849521362255,frame_05420.jpg
5430,5431,119.9,32.104214,35.207504,126.8698976377018,32.10356775198473,35.20852121341091,frame_05430.jpg
5440,5441,119.9,32.104196,35.207529,126.8698976377018,32.10354975198473,35.20854621321041,frame_05440.jpg
5450,5451,119.9,32.10417,35.207564,126.8698976377018,32.10352375198473,35.208581212920805,frame_05450.jpg
5460,5461,119.9,32.104151,35.20759,126.8698976377018,32.10350475198473,35.208607212709175,frame_05460.jpg
5470,5471,119.9,32.104131,35.207617,126.8698976377018,32.10348475198473,35.208634212486395,frame_05470.jpg
5480,5481,119.9,32.104104,35.207653,126.8698976377018,32.10345775198473,35.20867021218565,frame_05480.jpg
5490,5491,119.9,32.104085,35.20768,126.8698976377018,32.103438751984726,35.20869721197402,frame_05490.jpg
5500,5501,119.9,32.104065,35.207707,126.8698976377018,32.10341875198473,35.208724211751246,frame_05500.jpg
5510,5511,119.9,32.104037,35.207745,124.99202022314925,32.10341933516304,35.20878666510089,frame_05510.jpg
5520,5521,119.9,32.104017,35.207772,126.0273733873042,32.10338349201274,35.20880031927013,frame_05520.jpg
5530,5531,119.9,32.103997,35.2078,124.99202020402325,32.10337933516333,35.20884166464487,frame_05530.jpg
5540,5541,119.9,32.103969,35.207838,124.99202020402325,32.10335133516333,35.208879664325494,frame_05540.jpg
5550,5551,119.9,32.103949,35.207867,124.99202019582638,32.10333133516346,35.20890866409747,frame_05550.jpg
5560,5561,119.9,32.103928,35.207896,124.99202019582638,32.103310335163464,35.20893766385794,frame_05560.jpg
5570,5571,119.9,32.103901,35.207935,124.99202017670035,32.10328333516375,35.20897666355021,frame_05570.jpg
5580,5581,119.9,32.103882,35.207964,123.69006752597979,32.10328454349842,35.209021962051146,frame_05580.jpg
5590,5591,119.9,32.103863,35.207994,123.69006752597979,32.103265543498416,35.20905196183104,frame_05590.jpg
5600,5601,119.9,32.103839,35.208034,122.47119231958574,32.10326074213064,35.20910672531908,frame_05600.jpg
5610,5611,119.8,32.10382,35.208064,122.47119227647987,32.10324222441478,35.20913583041327,frame_05610.jpg
5620,5621,119.8,32.103802,35.208094,122.47119227647987,32.10322422441478,35.20916583020201,frame_05620.jpg
5630,5631,119.8,32.103777,35.208134,122.47119227647987,32.10319922441478,35.2092058299086,frame_05630.jpg
5640,5641,119.8,32.103758,35.208165,122.47119227647987,32.10318022441478,35.2092368296856,frame_05640.jpg
5650,5651,119.8,32.10374,35.208193,122.47119227647987,32.10316222441478,35.20926482947434,frame_05650.jpg
5660,5661,119.8,32.103714,35.208236,122.47119227647987,32.103136224414776,35.20930782916919,frame_05660.jpg
5670,5671,119.8,32.103695,35.208266,122.47119230282233,32.10311722441436,35.209337828945884,frame_05670.jpg
5680,5681,119.8,32.103676,35.208296,122.47119227647987,32.10309822441478,35.2093678287232,frame_05680.jpg
5690,5691,119.8,32.103651,35.208338,122.47119227647987,32.10307322441478,35.209409828429784,frame_05690.jpg
5700,5701,119.8,32.103632,35.208368,122.47119227647987,32.10305422441478,35.2094398282068,frame_05700.jpg
5710,5711,119.8,32.103613,35.208399,120.96375653806044,32.10305930907785,35.2094884001052,frame_05710.jpg
5720,5721,119.8,32.103587,35.20844,122.47119227647987,32.10300922441478,35.20951182767866,frame_05720.jpg
5730,5731,119.8,32.103569,35.20847,120.96375655003432,32.103015309077655,35.20955939958019,frame_05730.jpg
5740,5741,119.8,32.10355,35.2085,122.47119227647987,32.10297222441478,35.20957182724441,frame_05740.jpg
5750,5751,119.8,32.103524,35.208542,122.47119227647987,32.10294622441478,35.20961382693926,frame_05750.jpg
5760,5761,119.8,32.103505,35.208573,120.96375655003432,32.10295130907765,35.20966239881675,frame_05760.jpg
5770,5771,119.8,32.103486,35.208603,120.96375655003432,32.10293230907765,35.20969239859009,frame_05770.jpg
5780,5781,119.8,32.10346,35.208645,120.96375653806044,32.102906309077845,35.209734398280084,frame_05780.jpg
5790,5791,119.8,32.103442,35.208675,120.96375653806044,32.10288830907785,35.20976439806537,frame_05790.jpg
5800,5801,119.8,32.103423,35.208705,120.96375653806044,32.102869309077846,35.20979439783872,frame_05800.jpg
5810,5811,119.8,32.103397,35.208748,122.47119227647987,32.10281922441478,35.20981982544874,frame_05810.jpg
5820,5821,119.8,32.103378,35.208778,120.96375653806044,32.102824309077846,35.20986739730193,frame_05820.jpg
5830,5831,119.8,32.103359,35.208809,122.47119227647987,32.10278122441478,35.209880825002756,frame_05830.jpg
5840,5841,119.8,32.103334,35.208849,122.47119227647987,32.102756224414776,35.20992082470935,frame_05840.jpg
5850,5851,119.8,32.103315,35.208881,122.47119227647987,32.10273722441478,35.20995282448636,frame_05850.jpg
5860,5861,119.8,32.103296,35.208912,120.96375653806044,32.10274230907785,35.21000139632377,frame_05860.jpg
5870,5871,119.8,32.10327,35.208953,118.6104596607791,32.10275466809507,35.21006831641713,frame_05870.jpg
5880,5881,119.8,32.103253,35.208984,116.56505119336244,32.10277171690762,35.21012031868635,frame_05880.jpg
5890,5891,119.8,32.10324,35.209016,108.43494886363314,32.102899681461174,35.21022124780138,frame_05890.jpg
5900,5901,119.8,32.103227,35.209055,105.25511869992616,32.10294383786026,35.21028067701103,frame_05900.jpg
5910,5911,119.8,32.103221,35.209087,100.30484644385736,32.10302848676361,35.21033695011728,frame_05910.jpg
5920,5921,119.8,32.103218,35.209115,90.0,32.103218,35.21038544242668,frame_05920.jpg
5930,5931,119.8,32.103218,35.209152,90.0,32.103218,35.21042244242668,frame_05930.jpg
5940,5941,119.8,32.103221,35.209177,82.85839825348909,32.103354793023705,35.21043758628787,frame_05940.jpg
5950,5951,119.8,32.103225,35.2092,75.96375652009966,32.103486012404,35.210432510286516,frame_05950.jpg
5960,5961,119.8,32.103234,35.209228,74.0546040913958,32.103529649853435,35.21044956103132,frame_05960.jpg
5970,5971,119.8,32.103242,35.20925,71.56505117707799,32.1035823185381,35.21045524782806,frame_05970.jpg
5980,5981,119.8,32.10325,35.209272,71.56505117707799,32.1035903185381,35.21047724793363,frame_05980.jpg
5990,5991,119.9,32.103262,35.209306,69.4439547859934,32.103640188045375,35.210496545834665,frame_05990.jpg
6000,6001,119.9,32.103272,35.209333,69.4439547859934,32.10365018804537,35.21052354596503,frame_06000.jpg
6010,6011,119.9,32.103282,35.20936,69.4439547859934,32.103660188045374,35.21055054609539,frame_06010.jpg
6020,6021,119.9,32.103296,35.209398,68.19859053470566,32.10369601747885,35.21057856180994,frame_06020.jpg
6030,6031,119.9,32.103307,35.209426,68.19859053470566,32.103707017478854,35.21060656195214,frame_06030.jpg
6040,6041,119.8,32.103319,35.209456,68.19859053470566,32.103718683852925,35.21063557748499,frame_06040.jpg
6050,6051,119.9,32.103335,35.209497,68.19859053470566,32.103735017478854,35.21067756231409,frame_06050.jpg
6060,6061,119.8,32.103347,35.209527,68.19859052066734,32.103746683853174,35.21070657784653,frame_06060.jpg
6070,6071,119.8,32.103362,35.209568,68.19859053470566,32.10376168385292,35.21074757804038,frame_06070.jpg
6080,6081,119.8,32.103375,35.209599,68.19859053470566,32.103774683852926,35.21077857820829,frame_06080.jpg
6090,6091,119.8,32.103388,35.209632,68.19859052066734,32.10378768385318,35.21081157837609,frame_06090.jpg
6100,6101,119.8,32.103405,35.209676,68.19859052066734,32.10380468385318,35.21085557859567,frame_06100.jpg
6110,6111,119.8,32.103417,35.209707,68.19859052066734,32.103816683853175,35.21088657875066,frame_06110.jpg
6120,6121,119.9,32.103431,35.209741,68.96248896198712,32.10381764919617,35.21092775440918,frame_06120.jpg
6130,6131,119.9,32.103448,35.209783,68.96248896198712,32.10383464919617,35.21096975463009,frame_06130.jpg
6140,6141,119.9,32.103461,35.209816,68.96248896198712,32.103847649196176,35.21100275479902,frame_06140.jpg
6150,6151,119.9,32.103474,35.209851,68.19859052066734,32.10387401747909,35.21103156411083,frame_06150.jpg
6160,6161,119.9,32.103491,35.209895,68.19859052066734,32.10389101747909,35.2110755643306,frame_06160.jpg
6170,6171,119.8,32.103505,35.209929,68.19859052066734,32.10390468385317,35.211108579887295,frame_06170.jpg
6180,6181,119.8,32.103518,35.209962,68.19859048557157,32.10391768385379,35.211141580054914,frame_06180.jpg
6190,6191,119.8,32.103536,35.210008,68.19859048557157,32.103935683853784,35.21118758028741,frame_06190.jpg
6200,6201,119.8,32.10355,35.210042,68.19859048557157,32.103949683853784,35.21122158046824,frame_06200.jpg
6210,6211,119.8,32.103564,35.210075,68.19859048557157,32.103963683853785,35.21125458064907,frame_06210.jpg
6220,6221,119.8,32.103581,35.21012,68.19859048557157,32.103980683853784,35.21129958086865,frame_06220.jpg
6230,6231,119.8,32.103595,35.210154,68.19859048557157,32.103994683853784,35.21133358104947,frame_06230.jpg
6240,6241,119.8,32.103609,35.210189,68.19859052066734,32.10400868385317,35.211368581230595,frame_06240.jpg
6250,6251,119.9,32.103628,35.210236,67.3801350712311,32.104042261547995,35.211409700250485,frame_06250.jpg
6260,6261,119.9,32.103641,35.210268,67.3801350712311,32.104055261548,35.21144170041756,frame_06260.jpg
6270,6271,119.9,32.103656,35.210304,67.3801350712311,32.104070261547996,35.21147770061034,frame_06270.jpg
6280,6281,119.9,32.103674,35.21035,67.3801350712311,32.10408826154799,35.211523700841674,frame_06280.jpg
6290,6291,119.9,32.103687,35.210382,67.3801350712311,32.104101261547996,35.211555701008756,frame_06290.jpg
6300,6301,119.9,32.103701,35.210418,67.3801350712311,32.104115261547996,35.21159170118868,frame_06300.jpg
6310,6311,119.9,32.10372,35.210462,67.3801350712311,32.104134261548,35.21163570143287,frame_06310.jpg
6320,6321,119.9,32.103734,35.210498,67.38013505436852,32.10414826154829,35.21167170161266,frame_06320.jpg
6330,6331,119.9,32.103747,35.21053,67.38013505436852,32.104161261548285,35.21170370177973,frame_06330.jpg
6340,6341,119.9,32.103765,35.210576,67.3801350712311,32.104179261548,35.21174970201122,frame_06340.jpg
6350,6351,119.9,32.10378,35.210611,68.19859049960988,32.104180017479464,35.211791568066374,frame_06350.jpg
6360,6361,119.9,32.103794,35.210645,67.3801350712311,32.104208261547996,35.21181870238392,frame_06360.jpg
6370,6371,119.9,32.103812,35.21069,67.3801350712311,32.10422626154799,35.21186370261526,frame_06370.jpg
6380,6381,119.9,32.103826,35.210725,67.38013505436852,32.104240261548284,35.21189870279504,frame_06380.jpg
6390,6391,119.9,32.103841,35.21076,67.38013504232381,32.1042552615485,35.21193370298773,frame_06390.jpg
6400,6401,119.9,32.103861,35.210805,61.389540339220915,32.104376762065115,35.21192125462284,frame_06400.jpg
6410,6411,119.9,32.103877,35.210834,60.94539592396687,32.104400076300394,35.2119455015291,frame_06410.jpg
6420,6421,120.0,32.103895,35.210861,55.007979795976766,32.104513179986654,35.21190353225831,frame_06420.jpg
6430,6431,120.0,32.10392,35.210893,49.39870537415371,32.10462153900479,35.21185920956464,frame_06430.jpg
6440,6441,120.1,32.103938,35.210913,45.0,32.10470088099968,35.2118135951507,frame_06440.jpg
6450,6451,120.2,32.103958,35.210932,45.0,32.10472151620451,35.21183334521917,frame_06450.jpg
6460,6461,120.2,32.103984,35.210958,45.0,32.10474751620451,35.21185934547578,frame_06460.jpg
6470,6471,120.2,32.104006,35.21098,45.0,32.10476951620451,35.21188134569292,frame_06470.jpg
6480,6481,120.2,32.104027,35.211,45.0,32.10479051620452,35.21190134590019,frame_06480.jpg
6490,6491,120.2,32.104057,35.211029,41.18592520173717,32.10486961347864,35.211868393200234,frame_06490.jpg
6500,6501,120.2,32.104078,35.211048,40.60129465458355,32.10489782627607,35.211877561361376,frame_06500.jpg
6510,6511,120.2,32.104101,35.211067,35.53767781398038,32.10497964903545,35.21180790236677,frame_06510.jpg
6520,6521,120.3,32.104132,35.211087,32.00538317606353,32.10504840911471,35.21176315014442,frame_06520.jpg
6530,6531,120.3,32.104154,35.211097,23.198590499609878,32.105147295480734,35.21159954563693,frame_06530.jpg
6540,6541,120.3,32.104178,35.211105,14.036243491874185,32.10522640708418,35.21141441680925,frame_06540.jpg
6550,6551,120.3,32.104207,35.21111,8.13010238672486,32.10527681197299,35.211290419510725,frame_06550.jpg
6560,6561,120.3,32.104228,35.211112,8.130102329729318,32.10529781197314,35.21129241955096,frame_06560.jpg
6570,6571,120.3,32.10425,35.211114,7.12501633011206,32.10532232819449,35.21127223845219,frame_06570.jpg
6580,6581,120.3,32.104281,35.211117,7.12501633011206,32.10535332819449,35.211275238505905,frame_06580.jpg
6590,6591,120.3,32.104307,35.21112,6.340191731015605,32.10538106360227,35.21126088412193,frame_06590.jpg
6600,6601,120.3,32.104331,35.211122,6.340191731015605,32.10540506360228,35.21126288415895,frame_06600.jpg
6610,6611,120.3,32.104364,35.211125,6.340191731015605,32.10543806360227,35.21126588420986,frame_06610.jpg
6620,6621,120.3,32.104392,35.211127,5.710593125407238,32.105467310110846,35.21125394298115,frame_06620.jpg
6630,6631,120.3,32.104419,35.21113,5.710593121376435,32.105494310110856,35.2112569430186,frame_06630.jpg
6640,6641,120.3,32.104457,35.211133,5.710593121376435,32.10553231011085,35.21125994307142,frame_06640.jpg
6650,6651,120.3,32.104485,35.211135,5.710593121376435,32.10556031011085,35.211261943110344,frame_06650.jpg
6660,6661,120.3,32.104514,35.211137,0.0,32.105594673286795,35.211137,frame_06660.jpg
6670,6671,120.3,32.104554,35.211139,0.0,32.105634673286794,35.211139,frame_06670.jpg
6680,6681,120.4,32.104582,35.21114,0.0,32.10566357160208,35.21114,frame_06680.jpg
6690,6691,120.4,32.104611,35.211138,352.874983619782,32.10568421957275,35.21097962938412,frame_06690.jpg
6700,6701,120.4,32.104646,35.21113,345.96375652009965,32.105695278578075,35.21082032439968,frame_06700.jpg
6710,6711,120.4,32.10467,35.211121,333.43494880256645,32.10563738704974,35.2105499862571,frame_06710.jpg
6720,6721,120.4,32.104691,35.211109,324.4623221860196,32.10557111101388,35.21036686005588,frame_06720.jpg
6730,6731,120.4,32.104714,35.21109,315.0,32.10547878661417,35.21018714756422,frame_06730.jpg
6740,6741,120.4,32.104728,35.211072,308.65980822430146,32.10540365242296,35.210074966123706,frame_06740.jpg
6750,6751,120.4,32.104739,35.211055,296.56505114993723,32.1052226935245,35.20991297165185,frame_06750.jpg
6760,6761,120.4,32.104748,35.21103,285.9453959239669,32.10504513057084,35.209802300613724,frame_06760.jpg
6770,6771,120.4,32.104751,35.211011,279.4623221860196,32.10492880927567,35.209751545924114,frame_06770.jpg
6780,6781,120.4,32.104752,35.210993,270.0,32.104752,35.2097161733092,frame_06780.jpg
6790,6791,120.4,32.10475,35.210969,260.5376778139804,32.10457219072433,35.209709545937905,frame_06790.jpg
6800,6801,120.3,32.104745,35.210954,248.19859049960985,32.10434364801685,35.20976948090792,frame_06800.jpg
6810,6811,120.3,32.104738,35.210939,239.03624344397878,32.10418199818055,35.20984503967361,frame_06810.jpg
6820,6821,120.3,32.104727,35.210922,233.1301023378715,32.104078596027676,35.209901387316805,frame_06820.jpg
6830,6831,120.3,32.104716,35.210912,224.99999993214817,32.10395184858976,35.21000989742297,frame_06830.jpg
6840,6841,120.3,32.104704,35.210904,216.86989766212847,32.10383946137075,35.210138540679935,frame_06840.jpg
6850,6851,120.2,32.104687,35.210892,216.86989766212847,32.10382318002297,35.21012717711435,frame_06850.jpg
6860,6861,120.2,32.104672,35.210881,216.86989766212847,32.10380818002297,35.21011617723998,frame_06860.jpg
6870,6871,120.2,32.104657,35.21087,216.86989766212847,32.103793180022976,35.210105177365605,frame_06870.jpg
6880,6881,120.2,32.104634,35.210852,219.80557106556935,32.103804493889385,35.210035954341215,frame_06880.jpg
6890,6891,120.2,32.104616,35.210838,219.8055711056131,32.10378649388987,35.21002195450138,frame_06890.jpg
6900,6901,120.2,32.104597,35.210823,220.60129462584626,32.10377717372357,35.20999343392454,frame_06900.jpg
6910,6911,120.3,32.104573,35.210801,224.99999997455555,32.10380884859032,35.20989889883491,frame_06910.jpg
6920,6921,120.3,32.104554,35.210782,224.99999999999997,32.10378984859066,35.209879899022205,frame_06920.jpg
6930,6931,120.3,32.104535,35.210764,224.99999999999997,32.103770848590656,35.20986189920989,frame_06930.jpg
6940,6941,120.3,32.104508,35.210736,224.99999999999997,32.10374384859066,35.2098338994766,frame_06940.jpg
6950,6951,120.3,32.104486,35.210714,224.99999999999997,32.10372184859066,35.20981189969393,frame_06950.jpg
6960,6961,120.3,32.104465,35.210694,224.99999999999997,32.103700848590655,35.20979189990137,frame_06960.jpg
6970,6971,120.3,32.104437,35.210665,224.99999999999997,32.103672848590655,35.209762900177964,frame_06970.jpg
6980,6981,120.3,32.104415,35.210644,224.99999999999997,32.10365084859066,35.20974190039529,frame_06980.jpg
6990,6991,120.3,32.104392,35.210621,224.99999999999997,32.103627848590655,35.20971890062249,frame_06990.jpg
7000,7001,120.3,32.104362,35.210591,224.99999999999997,32.10359784859066,35.209688900918835,frame_07000.jpg
7010,7011,120.3,32.104338,35.210567,224.99999999999997,32.103573848590656,35.20966490115591,frame_07010.jpg
7020,7021,120.4,32.104315,35.210546,220.6012946545835,32.10349380962031,35.20971505618039,frame_07020.jpg
7030,7031,120.4,32.104282,35.210519,217.8749836698879,32.103428259057864,35.2097351082722,frame_07030.jpg
7040,7041,120.4,32.104257,35.210501,216.86989763770177,32.10339174271824,35.209734908138216,frame_07040.jpg
7050,7051,120.4,32.104224,35.210478,213.69006752597977,32.10332407803014,35.20976974807903,frame_07050.jpg
7060,7061,120.4,32.1042,35.210463,212.00538321265773,32.10328282911582,35.209786287297675,frame_07060.jpg
7070,7071,120.4,32.104174,35.210448,209.05460411059912,32.103228536314504,35.20982792206771,frame_07070.jpg
7080,7081,120.4,32.104138,35.21043,206.565051177078,32.10317061295009,35.20985898958398,frame_07080.jpg
7090,7091,120.3,32.104113,35.210418,206.5650511567224,32.10314641642753,35.209847464001705,frame_07090.jpg
7100,7101,120.3,32.104085,35.210406,203.96248896198708,32.10309746827014,35.2098878660557,frame_07100.jpg
7110,7111,120.3,32.104048,35.210389,203.96248896198708,32.103060468270144,35.209870866265625,frame_07110.jpg
7120,7121,120.3,32.10402,35.210376,203.96248896198708,32.10303246827014,35.209857866424485,frame_07120.jpg
7130,7131,120.3,32.103993,35.210364,203.96248896198708,32.10300546827015,35.20984586657768,frame_07130.jpg
7140,7141,120.3,32.103955,35.210347,203.96248896198708,32.102967468270144,35.20982886679327,frame_07140.jpg
7150,7151,120.3,32.103927,35.210334,203.96248896198708,32.102939468270144,35.20981586695214,frame_07150.jpg
7160,7161,120.3,32.103898,35.210321,203.96248899976027,32.10291046827044,35.209802867115904,frame_07160.jpg
7170,7171,120.3,32.103859,35.210304,203.96248899976027,32.102871468270436,35.209785867337175,frame_07170.jpg
7180,7181,120.3,32.103828,35.21029,203.96248899976027,32.102840468270436,35.209771867513055,frame_07180.jpg
7190,7191,120.3,32.103798,35.210277,204.4439547859934,32.10281419126665,35.209749089703486,frame_07190.jpg
7200,7201,120.3,32.103759,35.210259,204.4439547859934,32.10277519126665,35.20973108992894,frame_07200.jpg
7210,7211,120.3,32.103729,35.210246,204.4439547859934,32.102745191266656,35.209718090102356,frame_07210.jpg
7220,7221,120.3,32.103701,35.210233,204.4439547859934,32.102717191266656,35.209705090264215,frame_07220.jpg
7230,7231,120.3,32.103659,35.210214,204.4439547859934,32.102675191266655,35.209686090507,frame_07230.jpg
7240,7241,120.3,32.103631,35.210201,203.96248899976027,32.102643468270436,35.20968286863074,frame_07240.jpg
7250,7251,120.3,32.103599,35.210187,203.96248899976027,32.10261146827044,35.209668868812294,frame_07250.jpg
7260,7261,120.3,32.103559,35.210169,203.96248899976027,32.10257146827043,35.20965086903924,frame_07260.jpg
7270,7271,120.3,32.103529,35.210156,203.96248899976027,32.10254146827044,35.20963786920944,frame_07270.jpg
7280,7281,120.3,32.103499,35.210143,203.96248899976027,32.102511468270436,35.20962486937965,frame_07280.jpg
7290,7291,120.3,32.10346,35.210125,204.44395475532065,32.10247619126641,35.209597091657955,frame_07290.jpg
7300,7301,120.3,32.10343,35.210111,204.44395475532065,32.10244619126642,35.20958309183137,frame_07300.jpg
7310,7311,120.3,32.103398,35.210097,203.96248899976027,32.102410468270435,35.209578869952665,frame_07310.jpg
7320,7321,120.3,32.103357,35.210079,203.96248899976027,32.10236946827044,35.20956087018528,frame_07320.jpg
7330,7331,120.3,32.103327,35.210066,203.96248896198708,32.102339468270145,35.209547870356246,frame_07330.jpg
7340,7341,120.3,32.103299,35.210053,203.96248896198708,32.102311468270145,35.20953487051511,frame_07340.jpg
7350,7351,120.3,32.103257,35.210035,203.96248899976027,32.102269468270435,35.20951687075262,frame_07350.jpg
7360,7361,120.3,32.103228,35.210022,203.96248899976027,32.10224046827044,35.20950387091715,frame_07360.jpg
7370,7371,120.3,32.103198,35.210008,204.44395475532065,32.10221419126641,35.209480093172445,frame_07370.jpg
7380,7381,120.3,32.103156,35.209989,204.44395475532065,32.10217219126641,35.20946109341523,frame_07380.jpg
7390,7391,120.3,32.103127,35.209976,204.44395475532065,32.102143191266414,35.20944809358286,frame_07390.jpg
7400,7401,120.3,32.103095,35.209962,203.96248899976027,32.10210746827044,35.20944387167171,frame_07400.jpg
7410,7411,120.3,32.103056,35.209944,203.96248899976027,32.10206846827044,35.209425871892975,frame_07410.jpg
7420,7421,120.3,32.103031,35.209933,203.96248899976027,32.10204346827044,35.209414872034806,frame_07420.jpg
7430,7431,120.3,32.103014,35.209925,203.96248899976027,32.10202646827044,35.209406872131254,frame_07430.jpg
7440,7441,120.3,32.102999,35.209918,203.96248899976027,32.10201146827043,35.20939987221636,frame_07440.jpg
7450,7451,120.3,32.102994,35.209916,203.19859052066735,32.102000704519426,35.20941346074591,frame_07450.jpg
7460,7461,120.2,32.102992,35.209915,201.80140943019853,32.101989454107155,35.209441595306664,frame_07460.jpg
7470,7471,120.3,32.10299,35.209914,198.43494878221088,32.10196478330192,35.209510575088125,frame_07470.jpg
7480,7481,120.3,32.102989,35.209913,224.9999997964445,32.102224848587944,35.209010914484395,frame_07480.jpg
7490,7491,120.3,32.102988,35.209913,224.9999997964445,32.10222384858795,35.20901091449427,frame_07490.jpg
7500,7501,120.3,32.102987,35.209912,224.9999997964445,32.10222284858794,35.20900991450416,frame_07500.jpg
7510,7511,120.3,32.102987,35.209912,224.9999997964445,32.10222284858794,35.20900991450416,frame_07510.jpg
7520,7521,120.3,32.102987,35.209912,224.9999997964445,32.10222284858794,35.20900991450416,frame_07520.jpg
7530,7531,120.3,32.102987,35.209912,224.9999997964445,32.10222284858794,35.20900991450416,frame_07530.jpg
7540,7541,120.3,32.102987,35.209912,224.9999997964445,32.10222284858794,35.20900991450416,frame_07540.jpg
